temperature,vibration,pressure,runtime_hours,error_count,maintenance_needed
70.74,2.02,2.38,1586,1,0
58.64,1.68,2.91,2975,2,0
74.75,3.68,2.97,2815,3,1
76.47,3.73,1.76,3254,1,0
50.44,5.0,2.26,892,1,0
56.28,4.74,3.01,2904,0,0
69.15,3.01,2.63,1320,1,0
65.15,1.46,2.49,3566,3,0
67.85,2.75,2.3,3603,2,0
60.32,3.5,2.23,2830,1,0
75.91,2.92,2.53,4262,1,1
75.0,2.39,2.29,2441,2,0
68.59,3.55,2.38,161,0,0
78.15,2.49,2.44,2747,0,0
72.21,2.32,2.09,3510,1,0
60.27,3.64,2.64,500,1,0
71.32,2.64,3.71,515,0,0
59.37,3.54,1.6,1265,1,0
75.91,3.58,2.55,3806,0,0
67.55,1.6,2.06,2396,0,0
66.34,2.53,2.66,4395,4,1
61.87,5.21,2.42,3934,1,1
79.0,1.57,2.74,2519,2,0
66.61,0.4,2.93,3071,1,0
64.15,0.59,2.49,1522,4,0
64.83,3.24,2.91,452,3,0
72.79,3.24,1.35,1824,2,0
71.29,3.04,3.12,2685,0,0
71.71,4.9,2.57,860,2,1
71.88,0.4,2.89,1036,2,0
87.27,3.75,1.85,116,0,0
64.34,5.39,2.03,3316,1,1
63.39,1.62,2.47,4052,3,1
60.68,2.67,2.39,3732,2,0
73.54,2.15,2.53,1740,3,0
78.16,1.95,2.89,2690,1,0
66.97,2.74,1.61,4325,1,0
60.44,5.2,2.84,2681,2,1
60.58,5.77,2.4,1366,0,0
73.86,2.73,2.31,1556,1,0
74.69,5.87,1.74,3285,4,1
72.89,3.25,2.63,2035,1,0
62.01,5.66,1.31,3776,2,1
70.09,3.07,2.69,3895,0,0
69.05,3.38,1.73,209,0,0
69.97,3.71,2.42,3268,2,1
75.84,7.65,2.35,1696,1,1
70.01,4.39,2.93,2362,1,1
74.11,2.21,2.32,1228,1,0
68.61,4.56,2.09,1688,1,0
70.6,2.69,2.17,1520,0,0
73.68,2.51,2.97,274,2,0
54.89,4.47,2.64,3533,4,1
65.12,3.24,2.23,686,3,0
63.77,3.59,2.29,1722,0,0
62.25,3.22,1.69,908,1,0
65.52,3.67,2.57,764,1,0
81.45,3.79,1.61,1711,1,0
60.21,0.49,2.74,4138,3,0
76.71,4.13,2.46,4251,2,1
52.85,1.83,3.47,1748,1,0
64.99,1.18,1.9,2297,1,0
69.46,3.12,2.35,4436,2,1
73.28,3.32,3.21,1095,1,0
74.4,2.23,2.94,4253,2,1
75.14,4.36,2.09,520,0,0
64.86,1.32,2.5,1055,2,0
63.84,2.63,2.4,1555,2,0
75.72,2.38,2.53,215,2,0
66.28,3.13,2.09,3680,1,0
56.52,3.59,2.36,3856,2,1
57.8,1.79,1.68,1755,1,0
59.72,4.21,2.46,3771,0,0
72.47,3.29,2.6,3487,2,1
69.28,0.55,2.3,3616,2,0
74.21,0.46,1.67,3622,1,0
64.15,3.18,2.84,2601,3,1
69.43,2.89,2.56,543,0,0
73.63,3.06,2.07,4159,3,1
65.22,3.16,2.27,2758,3,1
72.11,3.52,1.72,4060,2,1
62.04,4.53,1.94,4317,1,1
64.73,1.64,2.16,882,3,0
64.56,1.56,2.95,1839,1,0
57.24,1.67,2.11,906,1,0
72.38,3.6,2.69,276,2,0
63.78,4.94,2.16,4350,2,1
68.11,2.6,2.51,4158,1,0
72.33,0.4,2.34,4196,2,0
72.02,0.81,2.79,3982,5,1
73.99,2.03,2.16,2937,2,0
67.11,2.42,1.69,2373,1,0
64.19,2.63,1.78,4462,3,1
67.28,3.25,2.16,2507,1,0
52.81,2.76,1.84,2908,6,1
54.98,4.67,2.58,992,0,0
56.1,2.25,2.19,3372,0,0
59.02,1.99,3.47,3696,1,0
71.6,3.87,1.62,3069,0,0
59.85,1.05,2.49,2268,1,0
64.6,3.75,1.89,930,4,1
79.69,3.34,2.18,200,1,0
64.79,2.99,2.46,2841,2,0
74.64,5.42,1.35,3089,3,1
59.6,2.33,2.51,3488,0,0
66.15,6.08,3.26,4279,1,1
59.45,2.88,2.2,2263,1,0
64.95,1.41,2.52,3739,1,0
75.56,3.3,2.86,3237,1,1
52.45,1.69,2.33,1283,0,0
71.91,2.15,2.14,3810,1,0
70.14,3.76,1.38,287,4,0
62.65,3.98,2.69,2715,0,0
54.99,2.33,2.35,4234,3,1
68.65,4.58,1.94,2982,2,1
63.23,4.82,2.46,4219,0,0
70.09,5.21,2.14,299,1,0
68.2,3.94,2.16,2419,5,1
82.42,5.11,2.67,3523,0,1
65.85,0.57,1.8,2908,2,0
58.79,2.75,2.87,3968,0,0
69.61,1.99,1.77,2108,1,0
69.98,3.37,2.1,3087,0,0
80.23,2.4,3.27,1917,4,1
75.52,2.97,2.91,3930,3,1
71.21,5.84,2.44,581,0,0
81.17,2.96,1.98,1180,0,0
57.3,3.78,2.16,480,5,1
62.24,2.87,2.43,3174,0,0
59.66,3.31,2.42,1085,2,0
64.49,3.21,2.36,1461,2,0
55.61,3.83,2.39,3773,1,0
73.72,4.83,2.3,1652,0,0
66.0,5.51,1.75,698,0,0
54.76,3.63,2.17,143,2,0
58.86,4.03,2.81,1058,1,0
70.82,1.59,1.78,4120,0,0
75.54,3.08,2.31,2491,3,1
85.97,4.52,2.03,4477,1,1
94.22,4.41,2.45,1007,0,0
71.73,3.5,2.23,1614,6,1
59.09,4.44,3.06,776,0,0
48.81,3.89,2.63,1822,0,0
70.41,4.88,1.81,2556,0,0
60.68,3.61,2.7,3646,0,0
64.26,2.7,2.05,1688,2,0
62.49,3.67,2.14,3483,1,0
66.73,0.4,2.54,2836,2,0
77.59,3.74,2.18,1348,1,0
69.41,0.4,2.8,4109,2,0
66.57,0.79,2.05,1982,1,0
58.68,3.83,2.12,721,2,0
52.93,3.87,2.1,4334,2,1
63.62,1.57,2.15,4114,0,0
67.52,2.2,2.89,270,1,0
83.91,5.12,2.68,4066,0,1
69.17,2.52,3.17,4265,0,0
76.84,6.34,3.42,3739,2,1
63.51,3.2,1.94,1184,2,0
57.34,3.77,2.43,2859,2,0
59.31,5.46,1.87,2445,1,0
61.47,3.38,2.05,2809,4,1
87.16,1.8,2.12,2793,1,0
60.61,3.05,1.92,2894,0,0
75.55,3.15,1.93,2337,1,0
59.87,1.29,2.34,3122,1,0
76.38,2.84,1.85,2393,0,0
71.46,2.16,2.78,123,0,0
66.59,4.49,1.99,207,1,0
67.63,3.25,3.66,4313,1,1
62.11,2.8,2.2,4096,1,0
72.01,3.05,2.43,2655,2,0
63.91,3.51,1.82,826,4,0
56.97,4.06,3.17,3527,3,1
56.5,1.8,2.9,687,0,0
69.55,1.74,2.53,1728,1,0
82.21,4.75,1.79,1517,1,0
69.44,2.62,2.49,105,0,0
66.93,1.22,1.9,3641,2,0
70.57,3.82,3.06,2318,0,0
79.75,3.85,2.76,1457,1,0
69.97,1.06,2.44,2306,3,0
64.3,3.52,1.3,50,3,0
77.96,4.23,1.96,1994,0,0
71.86,3.72,2.71,2362,2,1
81.82,4.08,2.95,1561,2,1
69.65,1.23,2.9,3745,0,0
56.98,3.66,1.68,1161,0,0
55.69,2.78,2.54,663,1,0
82.86,2.52,2.86,2397,4,1
83.51,4.42,1.65,3998,0,0
66.38,5.27,2.4,1719,1,0
64.55,5.71,2.52,257,0,0
81.15,5.04,2.26,4366,1,1
58.04,3.05,1.57,2027,3,0
59.95,3.69,2.25,819,3,0
73.79,4.27,2.25,2789,2,1
64.45,3.37,2.33,1472,0,0
67.95,3.38,2.15,4223,1,0
66.53,4.35,2.2,1358,1,0
71.04,3.12,2.38,2498,2,0
80.67,2.18,2.6,2467,2,0
68.82,2.62,2.26,1128,0,0
73.8,4.09,2.22,2271,3,1
49.55,3.2,2.44,535,2,0
67.56,3.68,1.54,2914,0,0
60.41,4.14,2.61,3424,0,0
57.03,2.68,2.4,4277,1,0
60.1,4.26,2.42,1499,1,0
64.99,3.73,2.83,1319,3,1
76.24,1.47,1.52,2492,2,0
56.06,5.22,1.51,3132,1,0
68.28,2.5,2.52,4466,2,1
63.64,0.88,2.4,161,2,0
65.05,1.74,2.48,1110,1,0
77.02,1.77,2.19,1217,2,0
72.84,3.27,2.7,1186,3,1
80.04,2.82,2.82,2113,3,1
66.61,2.73,2.62,3934,3,1
61.74,4.07,2.28,187,1,0
65.99,3.68,1.45,3680,2,0
70.18,3.64,2.75,2798,2,1
69.59,3.77,2.95,2787,0,0
58.24,4.06,2.69,3068,2,1
68.81,0.4,2.0,563,5,0
70.05,2.69,2.7,3372,1,0
90.66,0.4,2.79,1154,0,0
84.89,3.25,3.1,2348,1,1
60.32,3.19,2.01,3062,1,0
65.41,4.66,2.3,2737,1,0
54.83,4.86,2.74,1487,2,0
62.68,3.48,2.43,1812,3,1
70.84,2.5,1.9,2170,1,0
78.85,3.88,2.59,233,1,0
61.44,2.46,2.66,3280,6,1
62.11,3.2,2.44,494,0,0
48.67,4.58,2.5,2090,1,0
66.54,2.42,2.28,2964,1,0
58.44,4.33,3.07,407,1,0
63.24,4.15,1.99,4480,0,0
60.11,1.86,2.14,1728,0,0
67.15,4.56,2.4,120,2,0
52.18,4.18,2.8,2980,2,1
54.8,3.34,1.73,2531,3,0
87.16,2.13,1.81,2899,0,0
56.41,2.0,1.48,3391,4,0
58.13,2.45,2.41,2166,3,0
84.53,3.96,1.9,3729,2,1
94.15,1.86,2.23,1697,1,0
57.46,3.81,2.7,2476,2,0
64.69,1.46,2.11,755,2,0
71.07,2.91,2.5,2808,2,0
83.56,3.35,2.27,1214,4,1
59.12,6.62,2.7,3150,4,1
65.79,1.27,2.61,3614,1,0
75.0,5.26,2.09,3872,2,1
71.91,3.41,2.32,4184,2,1
64.61,3.78,2.87,594,3,1
66.8,3.37,2.58,664,2,0
55.63,3.82,1.77,4171,0,0
65.86,2.98,2.7,1744,3,1
65.6,5.24,1.91,165,2,0
70.09,2.56,3.04,1327,7,1
63.0,4.79,2.86,3771,3,1
72.24,2.3,2.53,1629,0,0
77.11,3.12,2.47,391,1,0
69.4,1.7,2.31,3263,1,0
71.17,3.84,2.71,916,0,0
68.48,5.22,2.23,1619,2,1
68.0,3.09,2.51,67,0,0
61.51,2.92,2.79,2728,1,0
70.85,1.64,2.15,2031,2,0
67.12,2.88,2.12,3908,1,0
86.84,0.97,1.86,1537,2,0
82.16,1.92,1.92,960,1,0
71.47,3.52,1.58,788,1,0
61.13,5.05,2.73,940,2,1
57.99,7.13,3.21,2057,3,1
78.72,2.38,3.04,437,1,0
70.36,5.21,1.67,1840,4,1
72.32,3.54,2.73,3853,3,1
52.3,2.99,3.04,3466,5,1
76.35,3.81,2.19,2885,1,0
72.09,3.29,2.45,4024,1,1
58.01,3.35,1.5,3521,1,0
63.76,2.63,2.52,2953,2,0
70.37,1.24,1.92,3890,0,0
68.47,1.04,2.49,603,3,0
65.37,4.11,1.7,3691,3,1
67.07,2.81,2.64,1364,2,0
65.73,2.37,2.86,3312,2,0
69.37,3.21,2.05,4114,0,0
81.24,4.31,1.89,2257,5,1
44.9,3.45,1.43,444,0,0
65.87,2.28,2.28,1697,1,0
69.59,4.92,2.14,1860,1,0
70.66,5.41,1.7,4218,0,1
64.65,3.89,2.6,4244,1,1
52.19,4.56,2.2,2579,1,0
70.95,4.94,1.92,4280,1,1
83.55,4.78,2.15,1991,3,1
54.2,4.06,2.88,1879,0,0
75.77,4.04,2.67,3772,2,1
65.04,3.93,2.34,3019,1,0
67.45,1.66,2.68,2374,4,1
58.52,4.18,1.88,2082,1,0
64.99,1.3,2.41,3189,0,0
79.7,2.09,2.47,3402,3,1
73.24,5.02,2.19,2233,0,0
83.59,4.38,2.6,190,1,0
78.6,5.28,2.05,503,2,1
71.95,2.82,2.63,691,0,0
83.7,1.59,2.65,2106,1,0
71.95,2.86,1.1,2783,0,0
75.45,3.34,2.94,3626,2,1
65.33,3.31,1.1,1084,2,0
68.6,4.79,2.12,3550,1,1
61.72,2.69,2.86,3013,1,0
76.91,3.69,2.26,279,0,0
57.4,1.82,1.74,1612,0,0
75.04,3.83,1.91,1396,2,0
66.28,3.2,2.86,3995,1,0
78.54,2.15,1.54,4149,2,0
74.76,2.87,2.91,3695,1,1
84.39,2.94,2.38,2399,0,0
74.58,2.82,1.86,2243,2,0
53.85,5.68,2.14,1436,1,0
67.4,3.06,1.94,3489,3,1
57.45,2.86,2.79,433,1,0
63.34,0.4,2.73,1256,0,0
81.6,1.95,1.63,651,1,0
73.74,2.83,2.22,2249,2,0
61.71,2.24,2.01,1383,0,0
58.88,5.13,2.98,928,3,1
68.3,2.97,1.79,1725,0,0
57.05,5.0,3.12,3880,1,1
61.96,3.29,2.39,2533,2,0
70.81,3.25,1.88,3712,1,0
78.4,3.08,2.1,4116,0,0
73.48,3.21,2.04,4064,2,1
47.38,5.61,1.83,1611,2,0
70.74,0.4,2.44,3954,0,0
68.65,0.4,1.85,4096,2,0
71.73,2.44,1.42,4320,7,1
82.55,3.22,2.23,1611,4,1
49.43,4.17,1.59,1066,5,1
62.68,3.86,2.06,2650,5,1
73.32,2.66,1.99,4196,0,0
53.77,4.63,2.01,4057,2,1
81.28,4.64,3.3,2591,2,1
71.32,3.46,2.43,714,0,0
75.62,4.55,2.51,1930,2,1
62.86,3.58,1.6,3227,1,0
75.32,2.41,2.11,2543,2,0
77.62,4.18,2.5,1587,0,0
70.1,3.35,1.94,1574,2,0
70.11,3.2,2.81,315,1,0
70.43,5.26,1.86,1334,1,0
60.23,0.4,2.27,3028,1,0
66.67,1.22,2.14,1123,2,0
66.63,1.54,2.47,4470,1,0
71.45,2.69,2.11,416,2,0
77.0,2.84,2.28,2670,6,1
58.47,1.09,2.29,2259,2,0
66.87,1.82,2.07,3758,2,0
81.33,1.99,2.62,4000,2,1
61.31,6.64,2.51,2468,3,1
60.6,5.72,2.36,2854,2,1
69.82,2.62,2.21,3160,1,0
75.6,2.69,2.76,2368,0,0
68.1,1.59,2.29,872,3,0
79.96,0.53,2.26,1957,1,0
75.71,3.04,2.45,1124,0,0
75.58,1.8,3.16,2116,1,0
72.99,3.08,1.8,2787,0,0
88.95,0.96,2.75,981,0,0
66.15,2.13,1.55,1159,0,0
49.97,3.41,2.5,3712,4,1
82.44,3.71,3.11,1730,0,0
63.88,3.78,2.62,932,1,0
68.97,1.35,2.48,3223,1,0
79.79,4.4,2.15,3238,1,1
53.58,2.08,2.41,3726,4,1
56.74,4.09,2.29,3431,0,0
53.59,3.19,2.05,4464,2,0
60.85,1.27,2.27,2608,2,0
71.96,2.76,2.49,1326,2,0
72.72,3.71,2.05,3890,1,0
70.49,4.06,2.04,1228,2,0
55.29,3.0,1.79,1345,2,0
47.21,5.34,2.58,3736,4,1
68.49,4.61,2.65,3973,2,1
63.75,2.84,2.5,1560,1,0
72.13,4.25,2.83,3295,1,1
74.32,5.91,2.44,4154,2,1
69.24,5.94,2.58,3604,3,1
74.84,1.48,2.54,72,1,0
70.06,1.9,2.36,3007,3,1
72.77,5.28,2.16,806,1,0
61.66,1.72,3.4,3816,2,0
66.38,1.35,2.2,348,1,0
69.77,2.52,2.1,4469,0,0
75.38,3.79,2.6,839,2,0
64.46,3.06,2.51,1919,1,0
72.69,2.29,1.77,1091,3,0
65.61,2.26,2.91,3671,2,0
66.94,2.2,2.36,1801,3,0
75.47,1.97,1.9,3363,0,0
50.06,6.39,2.93,349,2,1
56.33,3.62,2.68,2065,2,0
54.66,4.44,1.83,4104,1,0
47.0,2.52,3.2,4174,0,0
61.9,2.94,2.7,978,0,0
74.74,2.2,2.4,1805,3,0
65.44,0.4,3.12,1870,5,1
69.78,1.27,2.47,2566,2,0
77.8,0.67,2.39,2441,1,0
79.95,0.4,2.1,521,2,0
67.38,1.53,2.66,3443,1,0
80.18,5.05,2.61,1054,3,1
68.83,3.14,2.41,1451,3,0
60.46,5.01,2.04,3791,3,1
62.65,3.78,2.46,3118,0,0
54.68,4.3,2.37,1814,1,0
60.01,1.94,1.8,4110,2,0
64.78,3.93,1.74,1803,0,0
75.23,4.22,2.65,2566,0,0
83.49,2.39,1.23,1144,0,0
55.56,3.98,2.49,865,0,0
71.54,3.99,2.18,2237,1,0
58.64,2.43,2.99,2555,1,0
72.27,1.63,2.18,3635,0,0
66.82,1.54,2.7,1789,2,0
51.52,3.32,2.22,4033,3,1
76.35,3.66,2.45,2752,3,1
62.55,2.09,2.73,362,1,0
63.19,3.24,2.19,3339,0,0
58.37,4.0,2.85,2607,1,0
62.11,4.07,1.95,1782,1,0
71.85,5.37,2.53,2129,1,1
66.3,4.99,2.82,1392,1,0
70.96,1.8,2.7,2783,1,0
71.26,5.56,3.26,2572,1,1
79.89,2.46,2.06,2040,0,0
64.91,4.66,1.78,1319,1,0
54.71,3.3,1.95,1823,0,0
77.61,2.62,2.7,2265,2,0
65.02,0.67,2.62,2149,2,0
78.03,2.96,2.45,1426,1,0
71.45,1.02,1.89,2639,1,0
66.82,4.55,2.75,1058,4,1
71.14,5.32,1.85,2279,1,0
85.56,2.08,2.92,590,0,0
86.69,3.62,3.69,2151,0,1
68.62,2.18,2.56,3538,1,0
69.44,2.32,2.66,3689,0,0
77.69,4.28,2.18,3141,3,1
60.39,3.15,1.59,3368,1,0
71.0,5.64,2.13,343,1,0
67.77,2.52,1.91,1569,0,0
70.83,4.6,1.75,2961,1,0
60.5,3.34,3.18,3612,0,0
53.69,4.31,2.52,2643,1,0
49.34,2.57,2.57,3848,2,0
57.94,3.13,2.26,1265,1,0
63.87,3.04,2.32,733,1,0
65.36,2.03,2.83,434,0,0
85.44,4.13,2.39,2642,4,1
77.95,4.11,2.64,3010,3,1
59.34,4.03,2.31,1319,2,0
71.13,5.35,2.25,3537,0,1
64.34,5.23,1.77,3339,1,0
65.44,2.68,1.51,1652,3,0
69.67,3.72,2.28,1112,1,0
73.57,2.33,2.43,3353,2,0
64.95,3.23,1.82,3037,1,0
77.57,2.36,2.38,809,3,0
57.72,5.47,2.42,1185,3,1
68.06,3.71,1.43,2212,2,0
91.38,2.89,1.99,2324,3,1
70.01,4.87,2.58,788,1,0
80.9,0.4,2.57,4271,2,0
68.82,0.4,1.88,1779,1,0
73.23,4.31,2.47,1746,2,1
67.49,3.28,2.86,319,0,0
66.47,3.55,2.75,3947,0,0
60.98,1.34,2.36,1096,2,0
71.87,3.17,2.19,4441,0,0
60.34,6.0,2.12,2257,1,1
73.99,4.35,2.61,3943,1,1
77.77,3.44,2.49,847,1,0
71.3,2.59,2.68,788,3,0
65.42,2.65,2.46,3614,0,0
72.09,0.4,2.77,3697,0,0
65.22,3.56,2.44,2466,2,0
76.42,4.38,2.75,193,1,0
51.52,0.99,2.79,4249,4,1
64.98,2.27,2.04,1800,2,0
50.08,1.58,1.59,4215,1,0
54.54,1.85,3.09,3924,4,1
80.27,3.27,2.52,3839,4,1
76.06,0.4,1.63,3114,2,0
61.52,4.06,2.08,3045,4,1
54.48,4.26,2.75,2420,1,0
41.32,2.85,2.27,160,2,0
63.11,0.4,2.17,1775,3,0
89.78,1.81,3.03,3300,2,1
71.91,4.93,1.93,3664,4,1
62.96,0.4,2.04,2540,1,0
72.19,2.71,2.5,3207,1,0
53.95,1.55,2.58,146,1,0
65.32,4.33,2.62,2134,2,1
68.9,2.25,2.81,2309,1,0
67.23,3.77,2.49,4021,2,1
75.12,3.99,2.62,1434,0,0
71.1,5.77,2.28,1073,1,0
74.01,2.92,2.43,1618,1,0
61.8,3.73,2.45,808,1,0
76.08,1.12,2.5,2534,3,0
82.66,4.87,2.75,2910,0,1
59.27,2.14,2.65,3614,2,0
60.01,2.41,2.42,4375,3,1
80.02,3.17,2.04,377,4,1
66.28,1.01,2.43,1150,2,0
80.63,3.52,2.39,1388,4,1
64.02,4.55,2.49,1161,0,0
81.1,3.61,3.39,3731,0,1
69.18,0.98,2.16,670,1,0
70.32,3.03,2.59,182,3,0
82.08,4.24,2.88,3879,1,1
64.74,0.57,2.44,4328,1,0
59.53,1.7,3.45,1057,0,0
63.96,4.43,2.23,1531,1,0
72.07,3.58,2.55,2289,0,0
53.91,3.78,2.04,2390,3,0
73.74,5.8,2.24,4459,0,1
63.15,3.86,2.51,1848,1,0
78.33,4.12,2.78,104,2,0
46.45,7.0,2.54,1931,0,0
60.92,2.9,2.97,2526,1,0
52.82,2.08,2.36,2350,1,0
60.56,3.8,2.25,2329,2,0
70.23,3.81,3.62,4155,0,1
66.39,2.46,2.58,3643,1,0
65.72,1.75,2.08,1170,1,0
66.57,6.43,2.09,1631,1,1
69.83,3.66,1.98,3020,1,0
58.92,2.17,2.82,1876,1,0
74.36,4.48,2.24,1956,2,1
73.96,3.05,2.46,797,0,0
71.47,2.85,2.37,1181,2,0
73.01,3.99,2.73,3346,4,1
70.67,1.39,2.02,3801,1,0
86.32,3.69,1.92,3541,1,1
67.22,5.88,2.5,1419,0,0
65.24,3.85,2.67,658,2,0
61.22,2.67,2.55,760,0,0
58.71,2.49,2.04,1800,2,0
56.8,2.63,2.7,2354,0,0
60.0,2.84,2.07,4023,2,0
67.36,2.67,2.17,4049,3,1
71.01,4.48,1.98,62,2,0
68.46,0.77,2.99,3198,5,1
61.11,4.41,2.69,1379,1,0
76.1,2.67,2.67,930,0,0
74.65,3.73,2.96,2519,2,1
66.56,1.62,3.67,200,1,0
62.12,5.06,1.63,1536,2,0
72.94,4.94,2.07,2507,1,1
69.69,4.54,2.12,1260,1,0
54.97,1.08,2.02,2690,2,0
67.39,4.36,1.92,2097,0,0
70.36,3.77,2.27,3607,0,0
59.9,0.95,1.85,857,2,0
69.71,3.17,2.55,304,2,0
54.91,3.71,2.42,2406,4,1
80.03,3.98,2.62,1193,0,0
79.23,3.45,2.63,3194,0,0
65.73,3.61,2.67,465,1,0
71.27,5.26,2.23,2610,4,1
46.31,4.92,3.35,4454,1,1
57.59,0.4,2.51,464,4,0
65.36,2.76,1.56,1393,3,0
58.35,2.97,1.95,3807,0,0
74.43,0.75,1.62,2424,1,0
85.98,3.33,2.41,828,3,1
57.41,4.95,2.35,998,1,0
60.46,1.68,2.19,3453,2,0
70.12,3.67,3.3,3880,0,0
82.5,1.92,2.65,1654,0,0
57.0,2.26,2.73,2158,2,0
70.24,5.27,1.98,3533,0,0
84.39,2.44,1.95,837,1,0
53.13,3.85,2.42,967,5,1
56.47,0.58,2.48,3496,0,0
64.19,5.81,1.56,880,0,0
63.31,4.04,2.32,3480,1,0
75.31,2.94,2.41,2261,3,1
70.17,4.01,2.3,4455,2,1
52.03,1.23,2.03,196,4,0
72.64,4.86,2.16,4259,2,1
62.8,2.75,2.32,1052,1,0
79.47,2.91,2.44,206,0,0
62.35,2.51,2.67,3271,1,0
62.27,2.39,2.89,2419,1,0
72.87,4.17,2.27,3776,1,1
74.87,3.56,2.19,532,1,0
72.03,4.11,2.6,409,1,0
52.83,3.19,2.67,2574,1,0
72.84,3.92,2.2,3975,3,1
58.69,2.61,2.76,1855,2,0
70.12,6.32,2.84,3598,3,1
55.19,1.0,2.98,4082,1,0
72.02,4.97,3.2,3920,1,1
60.74,5.12,2.01,2313,3,1
56.46,2.01,2.41,3158,1,0
74.42,6.32,2.41,2389,3,1
70.17,4.59,2.36,3049,0,0
62.47,4.56,2.11,2573,1,0
81.06,3.24,1.73,2386,1,0
64.03,2.9,2.44,1993,1,0
68.29,2.91,2.05,2954,1,0
70.42,3.75,2.44,3392,0,0
62.42,5.16,2.04,4140,1,1
72.24,3.45,1.91,2778,0,0
63.2,1.92,2.51,497,1,0
64.3,4.35,2.47,2664,2,1
80.26,4.49,2.66,1455,0,0
58.63,4.12,3.38,169,1,0
46.28,4.24,2.52,372,3,0
82.5,2.82,2.62,2681,3,1
90.94,1.9,1.92,4254,1,0
64.35,1.98,1.82,2299,0,0
50.57,0.91,3.11,2031,3,0
65.21,3.53,1.98,444,1,0
65.42,3.08,1.93,3055,2,0
66.29,2.58,2.38,296,4,0
57.98,0.4,2.36,3792,1,0
73.22,1.45,1.99,3683,1,0
72.72,4.77,2.26,4459,2,1
54.55,2.27,2.95,1315,2,0
74.29,3.7,2.04,769,0,0
86.47,1.25,1.77,1382,0,0
69.55,5.21,2.82,3607,2,1
64.96,3.0,2.62,1023,2,0
66.72,3.61,2.12,3999,0,0
73.54,6.46,1.69,736,2,1
52.42,5.32,2.06,267,1,0
69.48,2.77,2.38,1026,4,1
64.49,2.37,2.92,3405,2,0
84.63,2.74,1.93,2730,0,0
66.43,3.91,2.36,1628,1,0
83.01,3.05,2.7,2969,3,1
58.07,2.65,1.33,2936,1,0
73.29,5.25,2.87,2518,3,1
70.87,3.04,1.87,2337,0,0
60.18,6.42,2.55,501,2,1
69.6,3.33,2.51,1205,0,0
78.91,5.7,2.89,2398,1,1
65.09,3.7,2.65,651,0,0
52.77,4.55,1.33,2167,2,0
67.84,2.19,2.05,570,2,0
59.88,2.0,2.46,3553,0,0
64.92,3.84,2.31,509,1,0
67.27,4.58,2.61,461,2,0
52.65,3.26,2.76,2888,0,0
53.46,1.4,2.67,1031,3,0
72.34,1.3,2.3,1613,3,0
63.3,1.2,1.57,1448,2,0
44.92,0.73,2.2,1014,2,0
75.06,3.35,2.59,3439,0,0
70.45,4.78,1.91,3128,2,1
61.58,3.18,2.68,1112,1,0
56.15,0.4,2.81,3106,0,0
75.52,2.93,2.46,3224,2,1
71.14,2.97,1.1,2449,2,0
89.44,6.13,1.82,2623,2,1
71.78,1.16,3.25,4210,1,0
71.49,2.65,2.15,2069,1,0
66.5,5.59,1.51,1765,3,1
75.35,3.83,2.96,2448,2,1
73.63,3.99,2.41,3769,2,1
79.27,3.36,2.9,3207,2,1
63.31,3.66,2.52,384,2,0
64.08,4.29,2.61,2093,1,0
63.69,2.07,2.56,3342,2,0
75.12,4.43,2.71,1046,1,0
81.49,1.28,3.42,4448,1,1
63.87,3.66,2.84,3646,6,1
64.18,3.45,1.69,3817,3,1
70.83,2.34,2.6,413,2,0
65.79,3.17,2.91,2629,2,1
76.57,2.33,2.94,2398,0,0
47.73,1.7,2.21,2839,1,0
60.56,2.7,2.92,3833,5,1
60.96,1.65,2.82,1622,1,0
47.12,3.65,3.56,2426,0,0
59.33,1.59,2.06,3073,3,0
59.76,4.2,2.17,3401,1,0
66.19,1.55,2.26,3478,1,0
78.02,2.41,2.18,1549,2,0
65.79,2.33,2.0,4492,2,0
58.72,5.06,1.16,92,1,0
67.49,3.66,2.2,2241,2,0
77.44,2.9,2.57,2759,0,0
59.22,3.9,2.18,322,1,0
59.8,0.4,3.27,2057,1,0
73.03,3.14,2.41,2701,1,0
66.01,6.0,2.98,2753,0,1
73.83,3.39,2.52,579,2,0
67.88,3.3,2.77,1284,1,0
74.31,3.97,2.53,1139,0,0
58.68,4.45,3.02,2897,1,0
67.89,0.4,2.43,1513,3,0
66.1,0.84,2.62,2592,1,0
57.06,3.49,2.56,3303,2,0
53.93,2.2,2.27,3597,0,0
74.17,5.04,2.58,867,3,1
64.84,2.76,3.41,4070,1,1
58.8,0.49,2.28,787,3,0
67.13,1.42,2.59,147,2,0
78.15,0.4,2.97,250,2,0
47.47,2.87,2.91,944,0,0
54.53,2.94,2.41,3935,1,0
59.69,2.61,1.33,975,1,0
81.15,4.71,2.63,3136,0,1
70.54,4.88,1.4,1912,0,0
74.91,2.96,3.06,227,0,0
57.74,0.4,2.48,2026,0,0
57.92,4.06,2.85,175,2,0
72.03,3.98,1.99,2168,3,1
68.52,3.63,1.7,2536,1,0
72.94,4.57,2.52,2370,3,1
66.31,1.57,2.38,1307,3,0
70.5,6.01,2.18,3461,1,1
69.42,1.86,2.44,2705,3,0
75.0,4.25,3.65,1183,1,1
75.26,0.84,2.78,1983,0,0
53.42,1.9,2.87,532,1,0
47.77,5.32,2.78,4158,1,1
77.02,2.83,3.07,3401,2,1
78.69,4.38,2.31,1330,3,1
58.81,3.53,1.48,3053,2,0
51.26,3.05,2.32,3072,0,0
68.89,5.11,2.77,2763,2,1
76.38,2.87,1.96,290,1,0
84.18,0.71,2.32,3959,2,0
72.65,2.08,2.09,4303,2,0
64.65,3.97,3.08,4384,2,1
59.96,3.75,2.74,4414,3,1
68.1,1.01,2.69,4183,0,0
65.31,2.19,2.68,3338,1,0
58.86,2.39,2.38,303,1,0
86.44,2.69,2.49,2120,1,0
84.07,1.27,1.87,1140,0,0
78.22,2.32,1.42,1028,3,0
59.71,2.18,2.47,3746,0,0
75.7,4.28,2.55,3665,1,1
73.76,4.33,2.94,2373,3,1
71.98,3.0,3.11,3326,1,0
79.25,2.65,3.11,625,4,1
73.72,3.4,1.95,1037,1,0
74.66,2.06,2.24,3879,2,0
73.73,1.59,2.62,2057,2,0
71.07,1.88,3.54,2482,0,0
51.95,2.31,3.07,2109,1,0
68.75,1.57,2.9,949,0,0
62.99,3.43,2.23,3727,1,0
56.48,4.22,2.0,3424,1,0
83.14,0.98,2.76,3093,3,1
83.56,3.24,1.9,1621,3,1
80.23,2.89,2.29,2912,0,0
70.3,3.68,2.35,4291,2,1
80.16,3.18,3.12,2941,2,1
68.11,1.16,2.24,2249,0,0
69.83,1.43,1.3,1253,0,0
58.16,3.24,2.63,2376,3,1
71.57,4.64,2.09,1704,1,0
68.54,0.4,2.42,2770,3,0
56.28,3.68,2.36,253,2,0
67.54,4.87,2.28,896,2,0
67.28,2.99,2.76,3551,2,1
84.18,3.97,1.71,1744,1,0
76.05,2.22,2.17,1976,3,0
68.1,3.03,2.71,2470,2,0
70.24,0.93,2.12,2000,1,0
68.4,0.4,1.68,3425,3,0
66.17,4.52,2.7,1141,2,1
58.26,1.82,2.91,3425,2,0
66.64,2.56,2.38,981,0,0
61.29,1.26,1.52,1699,0,0
56.75,1.23,2.72,2665,0,0
72.6,2.96,1.65,3992,2,0
71.52,2.18,2.54,1084,1,0
51.92,3.73,2.0,2663,1,0
66.9,3.83,1.88,335,1,0
76.96,3.65,2.2,385,1,0
77.53,3.53,2.32,3465,2,1
77.23,5.41,2.11,3249,0,1
68.35,1.71,2.66,1725,3,0
